{"stats":{"minecraft:picked_up":{"minecraft:golden_sword":1,"minecraft:obsidian":1,"minecraft:dirt":1},"minecraft:custom":{"minecraft:time_since_rest":596,"minecraft:open_chest":2,"minecraft:play_one_minute":7951,"minecraft:crouch_one_cm":376,"minecraft:sprint_one_cm":12822,"minecraft:walk_one_cm":24976,"minecraft:damage_taken":318,"minecraft:deaths":1,"minecraft:sneak_time":92,"minecraft:mob_kills":1,"minecraft:drop":3,"minecraft:jump":157,"minecraft:damage_dealt":420,"minecraft:leave_game":1,"minecraft:time_since_death":569,"minecraft:walk_on_water_one_cm":442,"minecraft:fall_one_cm":4939,"minecraft:fly_one_cm":29279,"minecraft:player_kills":1},"minecraft:killed_by":{"minecraft:player":1},"minecraft:killed":{"minecraft:horse":1},"minecraft:used":{"minecraft:golden_sword":7},"minecraft:dropped":{"minecraft:golden_sword":1,"minecraft:dirt":1,"minecraft:obsidian":1},"minecraft:mined":{"minecraft:grass":7,"minecraft:birch_leaves":3}},"DataVersion":2586}