{"stats":{"minecraft:picked_up":{"minecraft:wheat_seeds":9,"minecraft:flint":8,"minecraft:iron_nugget":18,"minecraft:golden_sword":1,"minecraft:obsidian":1,"minecraft:dirt":27},"minecraft:custom":{"minecraft:time_since_rest":219,"minecraft:open_chest":1,"minecraft:deaths":2,"minecraft:crouch_one_cm":193,"minecraft:play_one_minute":6490,"minecraft:damage_absorbed":40,"minecraft:sprint_one_cm":20515,"minecraft:damage_taken":302,"minecraft:walk_one_cm":28741,"minecraft:sneak_time":115,"minecraft:jump":182,"minecraft:damage_dealt":353,"minecraft:leave_game":2,"minecraft:walk_on_water_one_cm":756,"minecraft:time_since_death":191,"minecraft:player_kills":1,"minecraft:fall_one_cm":6394,"minecraft:fly_one_cm":23806},"minecraft:killed_by":{"minecraft:player":1},"minecraft:broken":{"minecraft:golden_shovel":1},"minecraft:used":{"minecraft:golden_sword":7,"minecraft:golden_apple":1,"minecraft:dirt":26,"minecraft:flint_and_steel":2,"minecraft:golden_shovel":34},"minecraft:mined":{"minecraft:grass":51,"minecraft:grass_block":25,"minecraft:dirt":9,"minecraft:fire":2,"minecraft:tall_grass":27,"minecraft:birch_leaves":6}},"DataVersion":2586}